{
  "label": "현재 전략 v1",
  "n_runs": 20,
  "years": 2,
  "stats": {
    "total_return_pct": {
      "mean": 10.041500000000001,
      "median": 8.075,
      "std": 21.24096708603448,
      "p5": -18.0025,
      "p25": -3.7800000000000002,
      "p75": 20.655,
      "p95": 43.4825,
      "min": -29.64,
      "max": 48.28
    },
    "bm_return_pct": {
      "mean": 8.164,
      "median": 8.42,
      "std": 16.334339105087782,
      "p5": -10.5865,
      "p25": 0.14749999999999996,
      "p75": 17.3675,
      "p95": 34.186,
      "min": -30.28,
      "max": 39.62
    },
    "alpha_pct": {
      "mean": 1.8764999999999996,
      "median": -1.195,
      "std": 10.676295834698474,
      "p5": -8.4255,
      "p25": -3.3775,
      "p75": 6.3225,
      "p95": 15.892000000000017,
      "min": -11.57,
      "max": 37.97
    },
    "ann_return_pct": {
      "mean": 4.4055,
      "median": 3.955,
      "std": 10.181113630148719,
      "p5": -9.4605,
      "p25": -1.9300000000000002,
      "p75": 9.83,
      "p95": 19.7845,
      "min": -16.12,
      "max": 21.77
    },
    "sharpe": {
      "mean": 0.07919999999999999,
      "median": 0.093,
      "std": 0.8282472215468036,
      "p5": -1.0746,
      "p25": -0.47475,
      "p75": 0.51725,
      "p95": 1.2901,
      "min": -1.77,
      "max": 1.368
    },
    "max_dd_pct": {
      "mean": -14.955000000000002,
      "median": -12.26,
      "std": 7.45823806270623,
      "p5": -26.291999999999998,
      "p25": -16.8475,
      "p75": -9.215,
      "p95": -7.5785,
      "min": -38.3,
      "max": -7.55
    },
    "win_rate_pct": {
      "mean": 50.58,
      "median": 50.0,
      "std": 4.607884547164781,
      "p5": 43.7,
      "p25": 47.35,
      "p75": 53.4,
      "p95": 55.74,
      "min": 43.7,
      "max": 64.1
    },
    "volatility_pct": {
      "mean": 12.1065,
      "median": 12.315000000000001,
      "std": 1.3347069903166016,
      "p5": 10.0625,
      "p25": 11.2875,
      "p75": 13.0,
      "p95": 14.2445,
      "min": 9.54,
      "max": 14.52
    },
    "stop_losses": {
      "mean": 17.35,
      "median": 12.0,
      "std": 13.138778482035535,
      "p5": 4.0,
      "p25": 8.5,
      "p75": 29.25,
      "p95": 35.100000000000016,
      "min": 4.0,
      "max": 56.0
    }
  },
  "pass_rates": {
    "sharpe": 45.0,
    "mdd": 95.0,
    "alpha": 45.0,
    "all": 30.0,
    "n": 20
  }
}