{
  "label": "현재 전략 v1",
  "n_runs": 50,
  "years": 2,
  "stats": {
    "total_return_pct": {
      "mean": 13.357399999999998,
      "median": 12.065,
      "std": 22.99620636626833,
      "p5": -22.069499999999998,
      "p25": -1.2425,
      "p75": 29.18,
      "p95": 47.2495,
      "min": -31.87,
      "max": 75.31
    },
    "bm_return_pct": {
      "mean": 11.667599999999998,
      "median": 10.684999999999999,
      "std": 19.00336155105196,
      "p5": -18.6455,
      "p25": 1.27,
      "p75": 22.7575,
      "p95": 40.1425,
      "min": -30.28,
      "max": 59.56
    },
    "alpha_pct": {
      "mean": 1.6894,
      "median": -0.78,
      "std": 9.926945634987632,
      "p5": -10.713999999999999,
      "p25": -5.6575,
      "p75": 8.532499999999999,
      "p95": 16.6775,
      "min": -16.85,
      "max": 37.97
    },
    "ann_return_pct": {
      "mean": 5.9156,
      "median": 5.865,
      "std": 10.846983757708868,
      "p5": -11.737,
      "p25": -0.6224999999999999,
      "p75": 13.66,
      "p95": 21.346999999999998,
      "min": -17.46,
      "max": 32.41
    },
    "sharpe": {
      "mean": 0.21357999999999996,
      "median": 0.241,
      "std": 0.931433241622823,
      "p5": -1.33755,
      "p25": -0.37575000000000003,
      "p75": 0.88925,
      "p95": 1.40705,
      "min": -2.153,
      "max": 2.545
    },
    "max_dd_pct": {
      "mean": -14.611,
      "median": -12.265,
      "std": 6.561970816759245,
      "p5": -25.507,
      "p25": -17.5,
      "p75": -9.879999999999999,
      "p95": -7.5635,
      "min": -38.3,
      "max": -5.19
    },
    "win_rate_pct": {
      "mean": 50.28799999999999,
      "median": 50.0,
      "std": 5.236435428800777,
      "p5": 42.6,
      "p25": 46.85,
      "p75": 53.4,
      "p95": 58.34499999999999,
      "min": 39.8,
      "max": 64.1
    },
    "volatility_pct": {
      "mean": 11.8848,
      "median": 11.915,
      "std": 1.2831231273732073,
      "p5": 9.7425,
      "p25": 10.895,
      "p75": 12.5875,
      "p95": 14.285,
      "min": 9.44,
      "max": 14.66
    },
    "stop_losses": {
      "mean": 15.86,
      "median": 12.5,
      "std": 12.26215315513552,
      "p5": 2.0,
      "p25": 7.25,
      "p75": 22.75,
      "p95": 36.749999999999986,
      "min": 1.0,
      "max": 56.0
    }
  },
  "pass_rates": {
    "sharpe": 52.0,
    "mdd": 98.0,
    "alpha": 48.0,
    "all": 34.0,
    "n": 50
  }
}