{
  "roe": [
    0.10783,
    0.44144002,
    0.06501,
    0.08361,
    0.01,
    0.01,
    0.03609,
    0.08246,
    0.17589001,
    0.045679998,
    0.096820004,
    0.085319996,
    0.04763,
    0.09048,
    0.03421,
    0.07839,
    0.06904,
    0.01733,
    0.01,
    0.08203,
    0.07784,
    0.1291,
    0.07688,
    0.11801,
    0.18135999,
    0.057729997,
    0.09279,
    0.01,
    0.104729995,
    0.020130001
  ],
  "gpa": [
    0.0780520166335854,
    0.12819644033766867,
    0.07776861168981009,
    0.021264873350583243,
    0.014853901916375587,
    0.019179836271531928,
    0.07182906132263783,
    0.024067629403604598,
    0.01,
    0.07039109945622837,
    0.15,
    0.15,
    0.15,
    0.15,
    0.01,
    0.038197413946483225,
    0.013534493338270894,
    0.028897886663441792,
    0.013502023617338068,
    0.0301803387136294,
    0.04128557494235105,
    0.051959659546153475,
    0.034662934081236774,
    0.052103135027264186,
    0.11525451666294567,
    0.016314050907317034,
    0.025342088875271316,
    0.01,
    0.15,
    0.02257856575962374
  ],
  "pbr": [
    2.925618939614293,
    5.43036432542788,
    1.2120420701139776,
    0.9027079396958149,
    0.7792646004137606,
    1.6914010947507987,
    3.374464830213204,
    1.0110563158349937,
    9.933468950338563,
    0.8977881882093199,
    0.9101422378302507,
    0.8392982281577754,
    0.6418325712119126,
    0.7002758266467405,
    0.46332489125322773,
    1.2871980695866216,
    0.7166272687185636,
    1.0,
    1.014161740992583,
    2.73908593597925,
    3.543636486439738,
    1.0340648396034797,
    0.7269735652995157,
    1.7898155748826532,
    1.6083226928342846,
    1.068289018880336,
    3.6679953639255927,
    0.8687296078288955,
    2.01395476755414,
    1.4808387610799343
  ],
  "per": [
    6.840118,
    3.9615176,
    12.60449,
    9.1299715,
    13.480733,
    33.54627,
    26.93193,
    15.987276,
    32.70627,
    8.808036,
    7.7589397,
    7.3048277,
    15.080903,
    6.5881586,
    8.568917,
    12.687561,
    16.94831,
    80.0,
    21.07194,
    24.245485,
    21.337866,
    6.33364,
    7.2417455,
    12.403795,
    7.395963,
    7.155912,
    15.537639,
    10.080262,
    19.318445,
    11.938585
  ],
  "debt_ratio": [
    0.05785,
    0.20518,
    0.15917,
    1.3828200000000002,
    0.71782,
    0.46973,
    0.26315,
    0.06924999999999999,
    0.12442,
    0.48894,
    0.5,
    0.5,
    0.42365,
    0.5,
    0.05,
    0.07962,
    0.19519999999999998,
    0.51914,
    1.13163,
    0.53291,
    0.23243,
    0.05,
    0.07454,
    0.19742,
    0.60155,
    1.96246,
    0.88959,
    1.3671600000000002,
    5.0,
    0.8898699999999999
  ],
  "mktcap_억": [
    13138153.29243136,
    6324570.19785216,
    292840.7478272,
    1231203.04259072,
    253219.96812288,
    359236.43334656,
    204103.1163904,
    448360.36018176,
    734174.49537536,
    192850.61664768,
    526048.18161664,
    433834.10130944,
    398656.012288,
    304672.22929408,
    135082.00628224,
    117030.8333568,
    190062.45306368,
    607801.4160896,
    203541.64588544,
    267843.19930368,
    345250.92511744,
    583028.26283008,
    348233.49469184,
    163028.66432,
    55057.055744,
    85315.551232,
    130730.91919872,
    63858.21024256,
    356999.233536,
    133650.89927168
  ]
}