{"roe": [0.10783, 0.44144002, 0.06501, 0.08361, 0.01, 0.01, 0.03609, 0.08246, 0.17589001, 0.045679998, 0.096820004, 0.085319996, 0.04763, 0.09048, 0.03421, 0.07839, 0.06904, 0.01733, 0.01, 0.08203, 0.07784, 0.1291, 0.07688, 0.11801, 0.18135999, 0.057729997, 0.09279, 0.01, 0.104729995, 0.020130001], "gpa": [0.0780520166335854, 0.12819644033766867, 0.07776861168981009, 0.021264873350583243, 0.014853901916375587, 0.019179836271531928, 0.07182906132263783, 0.024067629403604598, 0.01, 0.07039109945622837, 0.15, 0.15, 0.15, 0.15, 0.01, 0.038197413946483225, 0.013534493338270894, 0.028897886663441792, 0.013502023617338068, 0.0301803387136294, 0.04128557494235105, 0.051959659546153475, 0.034662934081236774, 0.052103135027264186, 0.11525451666294567, 0.016314050907317034, 0.025342088875271316, 0.01, 0.15, 0.02257856575962374], "pbr": [3.002875066255381, 5.94613036943686, 1.231221908895771, 0.9551909594455715, 0.8683922240173817, 1.8155236285386447, 3.439917811833719, 1.1254458990134055, 9.98983794186003, 0.9832918251816362, 0.9709424691236145, 0.9035770858941478, 0.6533971220445597, 0.7519148714174534, 0.4781343626631483, 1.2761382051420571, 0.7379660459508781, 1.0, 1.0299819980359812, 2.9138816440458144, 4.039900677100883, 1.1015402202614488, 0.7642542609559012, 1.8870001309848785, 1.5463051082776926, 1.1237845523286651, 3.577132375770982, 0.9271905504822533, 2.174416204318616, 1.5246963550492005], "per": [7.118596, 4.260821, 12.789137, 9.712936, 15.022579, 36.008045, 27.152258, 17.796057, 32.891865, 9.69427, 8.279477, 7.8587394, 15.338845, 7.068381, 8.84281, 12.525953, 17.602375, 80.0, 21.400648, 25.792719, 24.114481, 6.72651, 7.633246, 13.066618, 7.1107717, 7.4889054, 15.152743, 10.758611, 20.959969, 12.292167], "debt_ratio": [0.05785, 0.20518, 0.15917, 1.3828200000000002, 0.71782, 0.46973, 0.26315, 0.06924999999999999, 0.12442, 0.48894, 0.5, 0.5, 0.42365, 0.5, 0.05, 0.07962, 0.19519999999999998, 0.51914, 1.13163, 0.53291, 0.23243, 0.05, 0.07454, 0.19742, 0.60155, 1.96246, 0.88959, 1.3671600000000002, 5.0, 0.8898699999999999], "mktcap_억": [13493594.04843008, 7104218.83387904, 297474.78265856, 1302784.62849024, 282181.74210048, 385598.80839168, 208062.0150784, 499087.27939072, 738340.69753856, 211217.34803456, 560831.16720128, 467059.90959104, 405839.00954624, 327139.08158464, 139399.69622016, 116025.28043008, 195721.86939392, 644948.39529472, 206716.77595648, 284935.70113536, 393601.16293632, 621072.31977472, 366091.60380416, 171880.9001984, 52934.03537408, 89747.52546816, 127492.4761088, 68155.53159168, 385443.07388416, 137609.20027136]}